Pos,Oligo(5'->3'),Overall (kcal/mol),Duplex (kcal/mol),Tm-Dup (degC),Break-Target (kcal/mol),Intra-oligo (kcal/mol),Inter-oligo (kcal/mol),Structures #,Constrained structures #,Unnamed: 10,dG1FA,dG2FA,dG3FA,exp1,exp2,exp3,Koverall,Hybeff,fGC
23,ATTCACTTGTGACTGCGGCC,-16.3,-26.9,73.2,-10.6,0.0,-6.8,20,20,,-24.303,1.0,-9.3598,-39.43576175983811,1.622670524619928,-15.187871576337605,28346281214.59048,0.99985890792512,0.55
43,ACTGATCGGTTTGCTGGGGA,-13.4,-26.4,72.7,-13.0,0.0,-7.3,20,20,,-23.803,1.0,-11.479,-38.62442649752814,1.622670524619928,-18.626634952112152,404298203.7399428,0.9902032388010512,0.55
67,GGCGGAAGTATTGGTGCTGG,-17.5,-26.2,71.8,-8.7,0.0,-3.4,20,20,,-23.603,1.0,-7.682099999999999,-38.29989239260416,1.622670524619928,-12.465517237182748,138514805041.01053,0.9999711230543836,0.6
73,GGTTTTGGCGGAAGTATTGG,-19.7,-23.8,66.9,-4.1,0.0,-3.4,20,20,,-21.203,1.0,-3.6203,-34.405483133516334,1.622670524619928,-5.874554100281524,2048225002465.4429,0.9999980470933694,0.5
74,AGGTTTTGGCGGAAGTATTG,-17.1,-22.6,64.6,-5.5,0.0,-3.4,20,20,,-20.003,1.0,-4.8565,-32.45827850397242,1.622670524619928,-7.88049940281668,39409505591.43315,0.9998985119455888,0.45
106,GGTCACCCGCTTTTTCACGG,-14.3,-28.9,75.6,-13.2,-1.3,-5.3,20,20,,-26.303,-0.3,-11.6556,-42.68110280907796,-0.4868011573859785,-18.913198566760038,7994522870.018355,0.9994999076623268,0.6
112,ACACGTGGTCACCCGCTTTT,-12.8,-28.6,74.8,-14.8,-0.9,-9.0,20,20,,-26.003,0.0999999999999999,-13.0684,-42.19430165169199,0.1622670524619927,-21.20570748394307,704707085.4976344,0.9943559192763096,0.55
182,GGTTGAGGCAGCTGGAGGAA,-22.1,-26.4,73.6,-3.8,0.0,-8.8,20,20,,-23.803,1.0,-3.3554,-38.62442649752814,1.622670524619928,-5.4447086783097065,213632801460697.9,0.999999981276284,0.6
210,GCGGAGAAATCGGACCTTAC,-13.0,-23.7,63.8,-10.2,-0.1,-3.9,20,20,,-21.103,0.9,-9.006599999999999,-34.24321608105434,1.460403472157935,-14.614744347041842,271566250.74543464,0.9854844343631356,0.55
219,TCGCCGCATGCGGAGAAATC,-15.6,-26.3,67.7,-6.0,-2.4,-18.5,20,20,,-23.703,-1.4,-5.298,-38.46215944506616,-2.271738734467899,-8.59690843943638,872975709050.791,0.9999954179920124,0.6
277,CTTCCACAACTCCGGCAATT,-13.3,-25.7,68.0,-12.4,0.0,-6.2,20,20,,-23.103,1.0,-10.9492,-37.4885571302942,1.622670524619928,-17.76694410816852,306731937.7967028,0.9871271681039204,0.5
277,CTTCCACAACTCCGGCAATT,-13.3,-25.7,68.0,-12.4,0.0,-6.2,20,20,,-23.103,1.0,-10.9492,-37.4885571302942,1.622670524619928,-17.76694410816852,306731937.7967028,0.9871271681039204,0.5
291,GCCACCAATGGCACCTTCCA,-10.7,-30.7,77.9,-16.2,-3.8,-9.2,20,20,,-28.103,-2.8,-14.3046,-45.60190975339384,-4.543477468935798,-23.211652786478226,55739483.37017845,0.9330426080986703,0.6
330,TGCAACTGCTGGCTGCTCTG,-15.1,-27.5,75.4,-11.6,-0.6,-7.8,20,20,,-24.903,0.4,-10.2428,-40.40936407461007,0.6490682098479713,-16.620689649577,14083916883.313404,0.9997160687393934,0.6
357,GTGGACGAGAAGAGTCTGGC,-19.6,-24.6,69.5,-4.3,-0.4,-6.8,20,20,,-22.003,0.6,-3.7969,-35.70361955321228,0.9736023147719568,-6.1611177149294045,4898569147303.64,0.9999991834356904,0.6
357,GTGGACGAGAAGAGTCTGGC,-19.6,-24.6,69.5,-4.3,-0.4,-6.8,20,20,,-22.003,0.6,-3.7969,-35.70361955321228,0.9736023147719568,-6.1611177149294045,4898569147303.64,0.9999991834356904,0.6
385,GTAGGTGATTTCCTTGGTGG,-15.7,-25.1,72.5,-8.9,-0.1,-4.5,20,20,,-22.503,0.9,-7.858700000000001,-36.514954815522245,1.460403472157935,-12.75208085183063,16959881294.126724,0.9997642049050776,0.5
406,GCTGGTGTTGCTGTTGCTGT,-21.9,-28.3,81.1,-5.5,-0.8,-4.0,20,20,,-25.703,0.1999999999999999,-4.8565,-41.70750049430601,0.3245341049239855,-7.88049940281668,284750668246118.4,0.9999999859526232,0.55
420,GTCATGTTGTTCTCGCTGGT,-11.9,-26.5,76.5,-14.6,0.0,-4.9,20,20,,-23.903,1.0,-12.8918,-38.78669354999014,1.622670524619928,-20.919143869295187,48034085.6375775,0.923127312587745,0.5
479,CCTCACTATCTATATCGGGA,-19.0,-23.7,66.6,-4.7,0.0,-2.8,20,20,,-21.103,1.0,-4.1501,-34.24321608105434,1.622670524619928,-6.734244944225164,738328087042.7311,0.9999945823836316,0.45
486,GCGCGCACCTCACTATCTAT,-12.2,-27.7,73.4,-13.9,0.0,-12.2,20,20,,-25.103,1.0,-12.2737,-40.73389817953405,1.622670524619928,-19.91617121802761,917899727.8523226,0.995661133332452,0.55
488,TGGCGCGCACCTCACTATCT,-9.7,-29.2,76.2,-17.9,0.0,-12.2,20,20,,-26.603,1.0,-15.805699999999998,-43.167903966463946,1.622670524619928,-25.647443510985195,33947718.56662943,0.8945918186629135,0.6
529,GCTCGATATCGTGATTCCAT,-18.6,-24.4,67.3,-5.0,0.0,-10.2,20,20,,-21.803,1.0,-4.415,-35.379085448288286,1.622670524619928,-7.164090366196983,1496414835070.7322,0.9999973269515818,0.45
537,CTCTTGATGCTCGATATCGT,-15.6,-23.5,66.2,-7.1,0.0,-10.2,20,20,,-20.903,1.0,-6.269299999999999,-33.91868197613035,1.622670524619928,-10.173008319999717,17154171618.205069,0.9997668749276436,0.45
539,CACTCTTGATGCTCGATATC,-13.0,-22.4,64.5,-9.4,0.0,-5.0,20,20,,-19.803,1.0,-8.3002,-32.13374439904843,1.622670524619928,-13.468489888450328,106656596.21918972,0.963852132302382,0.45
566,ATGGATTGCCCGTCAGTTTT,-14.0,-26.3,72.0,-11.8,-0.1,-3.9,20,20,,-23.703,0.9,-10.4194,-38.46215944506616,1.460403472157935,-16.907253264224877,1864300096.315447,0.9978590163283252,0.45
580,GTCGTGCAGTGGAAATGGAT,-14.4,-23.5,65.8,-9.1,0.0,-5.1,20,20,,-20.903,1.0,-8.0353,-33.91868197613035,1.622670524619928,-13.038644466478509,976911956.1758012,0.9959221620505122,0.5
641,TACCGGACTCGCTGCACTCA,-19.4,-28.2,74.0,-7.6,-1.1,-8.8,20,20,,-25.603,-0.1,-6.7108,-41.54523344184402,-0.1622670524619929,-10.889417356619411,9461281964920.707,0.99999957722449,0.6
643,CTTACCGGACTCGCTGCACT,-19.9,-28.1,73.6,-7.6,-0.2,-8.8,20,20,,-25.503,0.8,-6.7108,-41.38296638938203,1.2981364196959426,-10.889417356619411,13750860479906.81,0.9999997091091978,0.6
670,CAGGCTCGCTTTCAGGTTGA,-17.7,-26.9,75.2,-8.4,-0.6,-7.1,20,20,,-24.303,0.4,-7.4172,-39.43576175983811,0.6490682098479713,-12.03567181521093,521361235083.189,0.9999923278352087,0.55
676,GTTCTTCAGGCTCGCTTTCA,-15.0,-26.9,77.0,-11.9,0.0,-4.2,20,20,,-24.303,1.0,-10.5077,-39.43576175983811,1.622670524619928,-17.05053507154882,4401003426.573475,0.9990919416825264,0.5
721,GCTGGTGCGCTCTTTCTGGT,-24.3,-29.6,82.4,-4.4,-0.8,-7.4,20,20,,-27.003,0.1999999999999999,-3.8852,-43.81697217631192,0.3245341049239855,-6.304399522253345,1.1335978786079826e+16,0.9999999996471411,0.6
724,GTCGCTGGTGCGCTCTTTCT,-22.6,-29.6,81.2,-4.4,-2.6,-7.4,20,20,,-27.003,-1.6,-3.8852,-43.81697217631192,-2.596272839391885,-6.304399522253345,1354989920871970.5,0.9999999970479484,0.6
728,TGTAGTCGCTGGTGCGCTCT,-17.4,-29.0,79.8,-8.6,-3.0,-8.7,20,20,,-26.403,-2.0,-7.5938,-42.84336986153996,-3.245341049239856,-12.322235429858807,674726502640.0381,0.9999940717071716,0.6
761,GTGGTATGTTCTCCAGGGAC,-15.1,-26.2,75.5,-10.4,-0.5,-5.3,20,20,,-23.603,0.5,-9.1832,-38.29989239260416,0.811335262309964,-14.901307961689724,10051461917.001204,0.9996022062404476,0.55
789,GGATTCTTCCAGTAGCGTGG,-14.4,-26.3,73.8,-10.6,-1.2,-5.8,20,20,,-23.703,-0.1999999999999999,-9.3598,-38.46215944506616,-0.3245341049239855,-15.187871576337605,5378984596.596649,0.9992569178068,0.55
791,AGGGATTCTTCCAGTAGCGT,-21.6,-26.3,74.3,-3.4,-1.2,-5.5,20,20,,-23.703,-0.1999999999999999,-3.0022,-38.46215944506616,-0.3245341049239855,-4.871581449013948,161322050379446.8,0.9999999752048782,0.5
826,GCTGGTGTTCAGCTGGGACA,-13.2,-28.1,79.1,-11.8,-3.1,-8.8,20,20,,-25.503,-2.1,-10.4194,-41.38296638938203,-3.407608101701849,-16.907253264224877,1366503756.6513796,0.9970813651691308,0.6
826,GCTGGTGTTCAGCTGGGACA,-13.2,-28.1,79.1,-11.8,-3.1,-8.8,20,20,,-25.503,-2.1,-10.4194,-41.38296638938203,-3.407608101701849,-16.907253264224877,1366503756.6513796,0.9970813651691308,0.6
867,TCCTTGGTCTTTTCATCCGT,-19.1,-26.9,75.2,-7.8,0.0,-3.6,20,20,,-24.303,1.0,-6.8874,-39.43576175983811,1.622670524619928,-11.175980971267292,1566145367554.202,0.9999974459651916,0.45
874,GGCGATATCCTTGGTCTTTT,-23.2,-25.5,71.3,-2.3,0.0,-5.0,20,20,,-22.903,1.0,-2.0309,-37.16402302537021,1.622670524619928,-3.295481568450612,411995225167310.4,0.9999999902911496,0.45
910,CTCATTGGCCATTTGATGCA,-13.2,-25.1,69.4,-11.1,0.0,-10.2,20,20,,-22.503,1.0,-9.8013,-36.514954815522245,1.622670524619928,-15.9042806129573,746231053.3181396,0.9946683092064657,0.45
911,CCTCATTGGCCATTTGATGC,-15.6,-26.4,71.9,-9.7,-0.9,-10.2,20,20,,-23.803,0.0999999999999999,-8.5651,-38.62442649752814,0.1622670524619927,-13.898335310422144,29592562278.858646,0.9998648491685516,0.5
947,TCCAATTATCCTGGTAGCAC,-10.8,-24.3,68.2,-12.9,-0.3,-5.4,20,20,,-21.703,0.7,-11.3907,-35.2168183958263,1.1358693672339495,-18.48335314478821,14005604.309285812,0.7778469452459794,0.45
953,GATGCTTCCAATTATCCTGG,-15.0,-24.1,67.1,-9.1,0.0,-4.0,20,20,,-21.503,1.0,-8.0353,-34.89228429090231,1.622670524619928,-13.038644466478509,2586339530.25848,0.998455800888928,0.45
953,GATGCTTCCAATTATCCTGG,-15.0,-24.1,67.1,-9.1,0.0,-4.0,20,20,,-21.503,1.0,-8.0353,-34.89228429090231,1.622670524619928,-13.038644466478509,2586339530.25848,0.998455800888928,0.45
1012,GTTGATGGGTACTGGCATTT,-12.2,-24.2,69.4,-12.0,0.0,-4.8,20,20,,-21.603,1.0,-10.596,-35.0545513433643,1.622670524619928,-17.19381687887276,47707834.36481148,0.9226422833379752,0.45
1027,ATCGGGGCTGTAGATGTTGA,-13.9,-24.9,70.2,-11.0,0.0,-3.0,20,20,,-22.303,1.0,-9.713,-36.190420710598254,1.622670524619928,-15.76099880563336,622524483.5179564,0.9936155727266396,0.5
1027,ATCGGGGCTGTAGATGTTGA,-13.9,-24.9,70.2,-11.0,0.0,-3.0,20,20,,-22.303,1.0,-9.713,-36.190420710598254,1.622670524619928,-15.76099880563336,622524483.5179564,0.9936155727266396,0.5
1058,GTGGAGCCAAATTGATTGGT,-11.0,-23.3,65.3,-9.9,-2.4,-7.8,20,20,,-20.703,-1.4,-8.7417,-33.59414787120637,-2.271738734467899,-14.184898925070025,25124536.486197643,0.8626587584700057,0.45
1058,GTGGAGCCAAATTGATTGGT,-11.0,-23.3,65.3,-9.9,-2.4,-7.8,20,20,,-20.703,-1.4,-8.7417,-33.59414787120637,-2.271738734467899,-14.184898925070025,25124536.486197643,0.8626587584700057,0.45
1108,AGTCGGTTCGGTTTTCTGGC,-19.8,-27.1,76.4,-7.3,0.0,-3.8,20,20,,-24.503,1.0,-6.4459,-39.7602958647621,1.622670524619928,-10.459571934647592,4435081075938.168,0.9999990981007284,0.55
1117,GCGGTTTTCAGTCGGTTCGG,-23.2,-27.7,75.5,-4.5,0.0,-3.4,20,20,,-25.103,1.0,-3.9735,-40.73389817953405,1.622670524619928,-6.447681329577284,647736871145578.2,0.999999993824653,0.6
1150,GCCGTTAAATGGATGCACAA,-15.1,-22.7,61.7,-7.1,-0.1,-8.6,20,20,,-20.103,0.9,-6.269299999999999,-32.62054555643441,1.460403472157935,-10.173008319999717,4551599063.080379,0.9991219596051776,0.45
1151,TGCCGTTAAATGGATGCACA,-17.2,-23.4,63.5,-5.7,-0.1,-8.6,20,20,,-20.803,0.9,-5.0331,-33.75641492366836,1.460403472157935,-8.16706301746456,105324668429.33032,0.999962023634594,0.45
1154,TCATGCCGTTAAATGGATGC,-16.9,-22.9,63.2,-5.1,-0.8,-7.0,20,20,,-20.303,0.1999999999999999,-4.503299999999999,-32.9450796613584,0.3245341049239855,-7.307372173520921,79026500457.59238,0.9999493866295058,0.45
1192,TGGCGTGGGCGTCATTTCGT,-15.4,-28.9,76.6,-11.6,-1.9,-7.1,20,20,,-26.303,-0.8999999999999999,-10.2428,-42.68110280907796,-1.460403472157935,-16.620689649577,39173057060.98062,0.999897899426346,0.6
1220,CGTTGTAGGTTCCACTGGTT,-19.1,-26.2,73.8,-7.1,0.0,-4.7,20,20,,-23.603,1.0,-6.269299999999999,-38.29989239260416,1.622670524619928,-10.173008319999717,1371214062698.1997,0.999997082885568,0.5
1221,TCGTTGTAGGTTCCACTGGT,-19.4,-26.5,75.2,-7.1,0.0,-4.7,20,20,,-23.903,1.0,-6.269299999999999,-38.78669354999014,1.622670524619928,-10.173008319999717,2231106569616.614,0.9999982071708796,0.5
1237,AATCGTCAGCAGAGAATCGT,-11.9,-22.2,62.8,-10.3,0.0,-3.4,20,20,,-19.603,1.0,-9.0949,-31.809210294124448,1.622670524619928,-14.758026154365783,21232753.091014203,0.8414758791649863,0.45
1357,TGACTGCAGGACGCGTTCGT,-10.5,-27.3,72.3,-13.9,-1.5,-14.8,20,20,,-24.703,-0.5,-12.2737,-40.08482996968608,-0.811335262309964,-19.91617121802761,176657487.8763806,0.9778586537042012,0.6
1377,AGTCCGGATACACAAAGTCC,-14.4,-23.9,65.8,-8.3,0.0,-11.2,20,20,,-21.303,1.0,-7.328900000000001,-34.567750185978326,1.622670524619928,-11.892390007886991,5882367125.866258,0.9993204637233,0.5
1383,ATCGTCAGTCCGGATACACA,-11.3,-25.2,69.1,-13.4,0.0,-8.4,20,20,,-22.603,1.0,-11.8322,-36.67722186798423,1.622670524619928,-19.199762181407912,32518881.12893863,0.8904676190413106,0.5
1428,CCCTCGGGTAATTGGACTCT,-12.4,-27.0,72.3,-14.6,0.0,-5.1,20,20,,-24.403,1.0,-12.8918,-39.5980288123001,1.622670524619928,-20.919143869295187,108120477.5935884,0.9643240906045808,0.55
1437,ATCTGAGTACCCTCGGGTAA,-14.8,-25.7,70.5,-9.4,-1.4,-9.5,20,20,,-23.103,-0.3999999999999999,-8.3002,-37.4885571302942,-0.6490682098479711,-13.468489888450328,9275316690.06494,0.9995689337767422,0.5
1439,TGATCTGAGTACCCTCGGGT,-12.4,-27.3,74.6,-13.4,-1.4,-8.4,20,20,,-24.703,-0.3999999999999999,-11.8322,-40.08482996968608,-0.6490682098479711,-19.199762181407912,403474782.18134993,0.9901834415897184,0.55
1478,GCTTGCCGCGCATAATGTCC,-15.9,-29.1,74.9,-12.3,-0.7,-8.8,20,20,,-26.503,0.3,-10.8609,-43.005636914001954,0.4868011573859785,-17.62366230084458,65341553276.53113,0.999938786959488,0.6
1485,ACCAAAGGCTTGCCGCGCAT,-11.6,-29.2,73.0,-16.7,-0.7,-9.8,20,20,,-26.603,0.3,-14.746099999999998,-43.167903966463946,0.4868011573859785,-23.92806182309792,140506114.78733274,0.9723195104519504,0.6
1508,GCCGAAAATCGTGCTCGATC,-13.6,-24.4,64.5,-8.4,-2.4,-10.4,20,20,,-21.803,-1.4,-7.4172,-35.379085448288286,-2.271738734467899,-12.03567181521093,1284345292.0163891,0.9968952422733351,0.55
1509,AGCCGAAAATCGTGCTCGAT,-15.8,-24.0,63.4,-5.5,-2.7,-10.4,20,20,,-21.403,-1.7000000000000002,-4.8565,-34.73001723844032,-2.758539891853878,-7.88049940281668,27272466067.64326,0.9998533534369856,0.5
1538,ATCGCATATTGTGCATCTCC,-15.3,-24.9,69.7,-7.8,-1.8,-6.2,20,20,,-22.303,-0.8,-6.8874,-36.190420710598254,-1.2981364196959426,-11.175980971267292,15667924801.32326,0.99974476651396,0.45
1552,TAGAATCGGCACCAATCGCA,-11.7,-24.4,64.8,-12.7,0.0,-4.2,20,20,,-21.803,1.0,-11.214099999999998,-35.379085448288286,1.622670524619928,-18.19678953014033,24207369.270304117,0.8581930855845149,0.5
1559,GATTTGTTAGAATCGGCACC,-10.9,-22.8,64.1,-10.7,-1.1,-6.4,20,20,,-20.203,-0.1,-9.4481,-32.78281260889641,-0.1622670524619929,-15.331153383661542,17436749.528905462,0.8134045464958961,0.45
1642,GCATTCGCTTCGGATAAACT,-15.7,-23.0,63.2,-6.6,-0.4,-5.0,20,20,,-20.403,0.6,-5.8278,-33.10734671382039,0.9736023147719568,-9.456599283380015,13557955881.23454,0.9997050572915124,0.45
1663,GTCGATGACCTTTAGGTGAC,-18.8,-23.8,67.5,-4.3,-0.4,-7.1,20,20,,-21.203,0.6,-3.7969,-34.405483133516334,0.9736023147719568,-6.1611177149294045,1337506061877.798,0.9999970093682926,0.5
1690,CCTTTCGTTGATTAGACAGG,-18.1,-22.7,64.6,-4.6,0.0,-3.8,20,20,,-20.103,1.0,-4.0618,-32.62054555643441,1.622670524619928,-6.590963136901224,168143294805.72696,0.9999762113330184,0.45
1693,GCCCCTTTCGTTGATTAGAC,-12.7,-26.6,72.1,-13.9,0.0,-3.0,20,20,,-24.003,1.0,-12.2737,-38.94896060245213,1.622670524619928,-19.91617121802761,154030491.35914132,0.9746884290139328,0.5
1720,GGCCTGAAAGCAATCAAATC,-15.5,-21.0,59.0,-5.5,0.0,-6.4,20,20,,-18.403,1.0,-4.8565,-29.862005664580533,1.622670524619928,-7.88049940281668,2938015068.241318,0.9986403876570248,0.45
1750,TTCCTTGGAACCGGTGACTT,-11.0,-25.8,69.5,-14.3,0.0,-8.8,20,20,,-23.203,1.0,-12.6269,-37.65082418275619,1.622670524619928,-20.48929844732337,23709763.62581241,0.8556465492086014,0.5
1751,GTTCCTTGGAACCGGTGACT,-14.9,-26.9,72.2,-11.1,-0.7,-9.5,20,20,,-24.303,0.3,-9.8013,-39.43576175983811,0.4868011573859785,-15.9042806129573,10269050954.519247,0.9996106317375716,0.55
1788,ACGCGCTGCCGACCGATTTT,-15.9,-29.4,72.3,-12.9,-0.3,-7.8,20,20,,-26.803,0.7,-11.3907,-43.49243807138793,1.1358693672339495,-18.48335314478821,54999382280.13272,0.9999272771994342,0.6
1789,TACGCGCTGCCGACCGATTT,-15.5,-29.0,71.5,-12.9,-0.3,-7.8,20,20,,-26.403,0.7,-11.3907,-42.84336986153996,1.1358693672339495,-18.48335314478821,28738961452.887756,0.9998608354950984,0.6
1803,TCAATAACTTGCAGTACGCG,-15.7,-21.6,60.3,-5.0,-0.6,-9.6,20,20,,-19.003,0.4,-4.415,-30.83560797935249,0.6490682098479713,-7.164090366196983,12517193323.25653,0.9996805416307588,0.45
1892,TCTTATTTTGTCGGTTCCGG,-22.3,-24.7,69.1,-2.4,0.0,-7.3,20,20,,-22.103,1.0,-2.1192,-35.86588660567427,1.622670524619928,-3.4387633757745517,97941864245783.48,0.9999999591594476,0.45
1892,TCTTATTTTGTCGGTTCCGG,-22.3,-24.7,69.1,-2.4,0.0,-7.3,20,20,,-22.103,1.0,-2.1192,-35.86588660567427,1.622670524619928,-3.4387633757745517,97941864245783.48,0.9999999591594476,0.45
1946,GAATTCCGTAAAAGCAGCGA,-12.6,-21.7,59.4,-9.1,0.0,-6.7,20,20,,-19.103,1.0,-8.0353,-30.997875031814484,1.622670524619928,-13.038644466478509,52645964.457530856,0.9293859670621564,0.45
1946,GAATTCCGTAAAAGCAGCGA,-12.6,-21.7,59.4,-9.1,0.0,-6.7,20,20,,-19.103,1.0,-8.0353,-30.997875031814484,1.622670524619928,-13.038644466478509,52645964.457530856,0.9293859670621564,0.45
2024,GGACTAGGACAAGTGCACGA,-17.6,-23.9,66.2,-5.8,0.0,-9.2,20,20,,-21.303,1.0,-5.1214,-34.567750185978326,1.622670524619928,-8.3103448247885,211402806621.92743,0.9999810791333358,0.55
2151,GCTTTTGGGATAGCAGCAAA,-17.4,-23.3,65.6,-5.0,-0.7,-5.7,20,20,,-20.703,0.3,-4.415,-33.59414787120637,0.4868011573859785,-7.164090366196983,186221627266.6996,0.9999785206791424,0.45
2151,GCTTTTGGGATAGCAGCAAA,-17.4,-23.3,65.6,-5.0,-0.7,-5.7,20,20,,-20.703,0.3,-4.415,-33.59414787120637,0.4868011573859785,-7.164090366196983,186221627266.6996,0.9999785206791424,0.45
2157,TACACAGCTTTTGGGATAGC,-10.9,-23.0,66.4,-11.4,-0.4,-4.4,20,20,,-20.403,0.6,-10.0662,-33.10734671382039,0.9736023147719568,-16.33412603492912,13975141.45109648,0.7774704576938948,0.45
2505,GCGGCGTTGATTTTGTGCAA,-10.3,-25.6,69.0,-14.8,0.0,-8.6,20,20,,-23.003,1.0,-13.0684,-37.326290077832205,1.622670524619928,-21.20570748394307,8372426.858629375,0.6767004528937565,0.5
2512,ATCAGCCGCGGCGTTGATTT,-18.8,-28.2,73.2,-5.5,-0.4,-16.8,20,20,,-25.603,0.6,-4.8565,-41.54523344184402,0.9736023147719568,-7.88049940281668,302749294063900.2,0.999999986787748,0.55
2521,CAATAATAAATCAGCCGCGG,-14.4,-20.8,56.9,-5.5,0.0,-10.6,20,20,,-18.203,1.0,-4.8565,-29.53747155965655,1.622670524619928,-7.88049940281668,2123785482.9591973,0.9981201112461596,0.45
2633,TTCCGGTTGGCGTGTCTGCA,-15.0,-29.8,79.6,-14.0,-0.6,-7.8,20,20,,-27.203,0.4,-12.362,-44.14150628123591,0.6490682098479713,-20.05945302535155,18885839136.20268,0.9997882459468734,0.6
2646,GCTTAGTGCGCACTTCCGGT,-20.3,-29.6,78.8,-6.5,-0.7,-14.6,20,20,,-27.003,0.3,-5.7395,-43.81697217631192,0.4868011573859785,-9.313317476056076,597923487067625.4,0.9999999933101807,0.6
2691,GAGCTGTAAATTACGCCAGA,-16.4,-22.7,63.1,-5.3,-0.9,-8.4,20,20,,-20.103,0.0999999999999999,-4.6799,-32.62054555643441,0.1622670524619927,-7.593935788168801,39946425276.76241,0.999899875909398,0.45
2691,GAGCTGTAAATTACGCCAGA,-16.4,-22.7,63.1,-5.3,-0.9,-8.4,20,20,,-20.103,0.0999999999999999,-4.6799,-32.62054555643441,0.1622670524619927,-7.593935788168801,39946425276.76241,0.999899875909398,0.45
